activity;timepoint;visit
Screening of In- & Exclusion Criteria;Baseline;1
Consent;Baseline;1
Medical history;Baseline;1
BED screening;Baseline;1
Paperwork, intros etc;Baseline;1
BMI (height and weight);Baseline;1
BMI (height and weight);Baseline;4
ECG;Baseline;1
Blood sample;Baseline;1
Blood sample;Baseline;4
HbA1C (diagnostic);Baseline;1
HbA1C (diagnostic);Baseline;4
CGM on;Baseline;1
CGM on;Baseline;4
SENS on;Baseline;1
Return SENS;Baseline;4
Home collection materials handed out;Baseline;1
Return collected samples;Baseline;4
MMTT;Baseline;2
MMTT;Baseline;3
MMTT;Baseline;4
Finapress;Baseline;2
Finapress;Baseline;3
Finapress;Baseline;4
Spot urine sample on site;Baseline;4
Saliva sample on site;Baseline;4
DXA scan;Baseline;4
Fibro scan;Baseline;4
Waist-hip circumference;Baseline;4
SCIP-D and TMT-B tests;Baseline;4
Questionnaires;Baseline;4
Food preference test;Baseline;4
BP & HR;Baseline;4
VO2 peak;Baseline;4
Randomisation;Baseline;4
Paperwork, intros etc;week_11;5
SENS on;week_11;5
BMI (height and weight);week_12;6
Blood sample;week_12;6
HbA1C (diagnostic);week_12;6
Return SENS;week_12;6
Return collected samples;week_12;6
MMTT;week_12;6
Finapress;week_12;6
Spot urine sample on site;week_12;6
Saliva sample on site;week_12;6
DXA scan;week_12;6
Fibro scan;week_12;6
Waist-hip circumference;week_12;6
SCIP-D and TMT-B tests;week_12;6
Food preference test;week_12;6
BP & HR;week_12;6
VO2 peak;week_12;6
Intro to meal boxes;week_12;6
Paperwork, intros etc;week_17;7
SENS on;week_17;7
Home collection materials handed out;week_17;7
BMI (height and weight);week_18;8
Blood sample;week_18;8
HbA1C (diagnostic);week_18;8
Return SENS;week_18;8
Return collected samples;week_18;8
MMTT;week_18;8
Finapress;week_18;8
Spot urine sample on site;week_18;8
Saliva sample on site;week_18;8
DXA scan;week_18;8
Fibro scan;week_18;8
Waist-hip circumference;week_18;8
Food preference test;week_18;8
BP & HR;week_18;8
VO2 peak;week_18;8
Intro to maintenance diet;week_18;8
Paperwork, intros etc;week_51;9
CGM on;week_51;9
SENS on;week_51;9
Home collection materials handed out;week_51;9
BMI (height and weight);week_52;10
Blood sample;week_52;10
HbA1C (diagnostic);week_52;10
Return CGM;week_52;10
Return SENS;week_52;10
Return collected samples;week_52;10
MMTT;week_52;10
Finapress;week_52;10
Spot urine sample on site;week_52;10
Saliva sample on site;week_52;10
DXA scan;week_52;10
Fibro scan;week_52;10
Waist-hip circumference;week_52;10
SCIP-D and TMT-B tests;week_52;10
Food preference test;week_52;10
BP & HR;week_52;10
VO2 peak;week_52;10